<?xml version="1.0" encoding="UTF-8"?>
<DEFECTS>
  <DEFECT>
    <SFA>
      <FILEPATH>D:\Teach\ТМП\proj\pSingl_1\ConsoleApplication1\ConsoleApplication1\</FILEPATH>
      <FILENAME>ConsoleApplication1.cpp</FILENAME>
      <LINE>18</LINE>
      <COLUMN>9</COLUMN>
    </SFA>
    <DEFECTCODE>6001</DEFECTCODE>
    <DESCRIPTION>Использование неинициализированной памяти "o2".</DESCRIPTION>
    <FUNCTION>main</FUNCTION>
    <DECORATED>main</DECORATED>
    <FUNCLINE>7</FUNCLINE>
    <PROBABILITY>1</PROBABILITY>
    <RANK>3</RANK>
    <CATEGORY>
      <RULECATEGORY>mspft</RULECATEGORY>
    </CATEGORY>
    <PATH>
      <SFA>
        <FILEPATH>D:\Teach\ТМП\proj\pSingl_1\ConsoleApplication1\ConsoleApplication1\</FILEPATH>
        <FILENAME>ConsoleApplication1.cpp</FILENAME>
        <LINE>9</LINE>
        <COLUMN>9</COLUMN>
      </SFA>
      <SFA>
        <FILEPATH>D:\Teach\ТМП\proj\pSingl_1\ConsoleApplication1\ConsoleApplication1\</FILEPATH>
        <FILENAME>ConsoleApplication1.cpp</FILENAME>
        <LINE>11</LINE>
        <COLUMN>15</COLUMN>
      </SFA>
      <SFA>
        <FILEPATH>D:\Teach\ТМП\proj\pSingl_1\ConsoleApplication1\ConsoleApplication1\</FILEPATH>
        <FILENAME>ConsoleApplication1.cpp</FILENAME>
        <LINE>12</LINE>
        <COLUMN>15</COLUMN>
        <KEYEVENT>
          <ID>1</ID>
          <KIND>declaration</KIND>
          <IMPORTANCE>Essential</IMPORTANCE>
          <MESSAGE>Инициализация "o2" не выполнена</MESSAGE>
        </KEYEVENT>
      </SFA>
      <SFA>
        <FILEPATH>D:\Teach\ТМП\proj\pSingl_1\ConsoleApplication1\ConsoleApplication1\</FILEPATH>
        <FILENAME>ConsoleApplication1.cpp</FILENAME>
        <LINE>13</LINE>
        <COLUMN>15</COLUMN>
      </SFA>
      <SFA>
        <FILEPATH>D:\Teach\ТМП\proj\pSingl_1\ConsoleApplication1\ConsoleApplication1\</FILEPATH>
        <FILENAME>ConsoleApplication1.cpp</FILENAME>
        <LINE>15</LINE>
        <COLUMN>29</COLUMN>
      </SFA>
      <SFA>
        <FILEPATH>D:\Teach\ТМП\proj\pSingl_1\ConsoleApplication1\ConsoleApplication1\</FILEPATH>
        <FILENAME>ConsoleApplication1.cpp</FILENAME>
        <LINE>16</LINE>
        <COLUMN>29</COLUMN>
      </SFA>
      <SFA>
        <FILEPATH>D:\Teach\ТМП\proj\pSingl_1\ConsoleApplication1\ConsoleApplication1\</FILEPATH>
        <FILENAME>ConsoleApplication1.cpp</FILENAME>
        <LINE>17</LINE>
        <COLUMN>29</COLUMN>
      </SFA>
      <SFA>
        <FILEPATH>D:\Teach\ТМП\proj\pSingl_1\ConsoleApplication1\ConsoleApplication1\</FILEPATH>
        <FILENAME>ConsoleApplication1.cpp</FILENAME>
        <LINE>18</LINE>
        <COLUMN>7</COLUMN>
      </SFA>
      <SFA>
        <FILEPATH>D:\Teach\ТМП\proj\pSingl_1\ConsoleApplication1\ConsoleApplication1\</FILEPATH>
        <FILENAME>ConsoleApplication1.cpp</FILENAME>
        <LINE>19</LINE>
        <COLUMN>0</COLUMN>
      </SFA>
      <SFA>
        <FILEPATH>D:\Teach\ТМП\proj\pSingl_1\ConsoleApplication1\ConsoleApplication1\</FILEPATH>
        <FILENAME>ConsoleApplication1.cpp</FILENAME>
        <LINE>18</LINE>
        <COLUMN>9</COLUMN>
        <KEYEVENT>
          <ID>2</ID>
          <KIND>usage</KIND>
          <IMPORTANCE>Essential</IMPORTANCE>
          <MESSAGE>"o2" используется, но, возможно, не инициализировано</MESSAGE>
        </KEYEVENT>
      </SFA>
    </PATH>
  </DEFECT>
</DEFECTS>